[{"model": "admin.logentry", "pk": 1, "fields": {"action_time": "2024-04-04T11:54:42.064Z", "user": 1, "content_type": 8, "object_id": "1", "object_repr": "Apoorva Chauhan", "action_flag": 1, "change_message": "[{\"added\": {}}]"}}, {"model": "admin.logentry", "pk": 2, "fields": {"action_time": "2024-04-04T12:03:57.315Z", "user": 1, "content_type": 8, "object_id": "1", "object_repr": "Apoorva Chauhan", "action_flag": 2, "change_message": "[{\"changed\": {\"fields\": [\"Profile pic\"]}}]"}}, {"model": "admin.logentry", "pk": 3, "fields": {"action_time": "2024-04-04T12:05:37.024Z", "user": 1, "content_type": 8, "object_id": "1", "object_repr": "Apoorva Chauhan", "action_flag": 2, "change_message": "[{\"changed\": {\"fields\": [\"Profile pic\"]}}]"}}, {"model": "admin.logentry", "pk": 4, "fields": {"action_time": "2024-04-04T12:07:28.044Z", "user": 1, "content_type": 8, "object_id": "1", "object_repr": "Apoorva Chauhan", "action_flag": 2, "change_message": "[{\"changed\": {\"fields\": [\"Profile pic\"]}}]"}}, {"model": "admin.logentry", "pk": 5, "fields": {"action_time": "2024-04-04T12:07:40.331Z", "user": 1, "content_type": 8, "object_id": "1", "object_repr": "Apoorva Chauhan", "action_flag": 2, "change_message": "[{\"changed\": {\"fields\": [\"Profile pic\"]}}]"}}, {"model": "admin.logentry", "pk": 6, "fields": {"action_time": "2024-04-04T12:09:58.871Z", "user": 1, "content_type": 8, "object_id": "1", "object_repr": "Apoorva Chauhan", "action_flag": 2, "change_message": "[]"}}, {"model": "admin.logentry", "pk": 7, "fields": {"action_time": "2024-04-04T12:10:17.907Z", "user": 1, "content_type": 7, "object_id": "1", "object_repr": "Students", "action_flag": 1, "change_message": "[{\"added\": {}}]"}}, {"model": "admin.logentry", "pk": 8, "fields": {"action_time": "2024-04-04T13:47:39.603Z", "user": 1, "content_type": 7, "object_id": "2", "object_repr": "Compassion", "action_flag": 1, "change_message": "[{\"added\": {}}]"}}, {"model": "admin.logentry", "pk": 9, "fields": {"action_time": "2024-04-04T13:47:57.646Z", "user": 1, "content_type": 7, "object_id": "3", "object_repr": "Work stress", "action_flag": 1, "change_message": "[{\"added\": {}}]"}}, {"model": "admin.logentry", "pk": 10, "fields": {"action_time": "2024-04-04T13:52:58.106Z", "user": 1, "content_type": 9, "object_id": "1", "object_repr": "DSA", "action_flag": 1, "change_message": "[{\"added\": {}}]"}}, {"model": "admin.logentry", "pk": 11, "fields": {"action_time": "2024-04-04T14:30:16.249Z", "user": 1, "content_type": 9, "object_id": "1", "object_repr": "DSA", "action_flag": 2, "change_message": "[]"}}, {"model": "admin.logentry", "pk": 12, "fields": {"action_time": "2024-04-05T06:11:21.845Z", "user": 1, "content_type": 7, "object_id": "1", "object_repr": "Students", "action_flag": 2, "change_message": "[{\"changed\": {\"fields\": [\"Description\"]}}]"}}, {"model": "admin.logentry", "pk": 13, "fields": {"action_time": "2024-04-05T06:26:31.318Z", "user": 1, "content_type": 7, "object_id": "1", "object_repr": "Students", "action_flag": 2, "change_message": "[{\"changed\": {\"fields\": [\"Description\"]}}]"}}, {"model": "admin.logentry", "pk": 14, "fields": {"action_time": "2024-04-05T07:06:48.445Z", "user": 1, "content_type": 16, "object_id": "1", "object_repr": "I believe making the most of the time you do get is the key. Focusing and doing questions daily cons", "action_flag": 1, "change_message": "[{\"added\": {}}]"}}, {"model": "admin.logentry", "pk": 15, "fields": {"action_time": "2024-04-05T07:07:58.913Z", "user": 1, "content_type": 17, "object_id": "1", "object_repr": "Along with this maintaining a notebook with the question you have done helps in revision.", "action_flag": 1, "change_message": "[{\"added\": {}}]"}}, {"model": "admin.logentry", "pk": 16, "fields": {"action_time": "2024-04-05T07:08:26.581Z", "user": 1, "content_type": 16, "object_id": "1", "object_repr": "I believe making the most of the time you do get is the key. Focusing and doing questions daily cons", "action_flag": 2, "change_message": "[{\"changed\": {\"fields\": [\"Replies\"]}}]"}}, {"model": "admin.logentry", "pk": 17, "fields": {"action_time": "2024-04-05T07:09:01.382Z", "user": 1, "content_type": 9, "object_id": "1", "object_repr": "DSA", "action_flag": 2, "change_message": "[{\"changed\": {\"fields\": [\"Comments\"]}}]"}}, {"model": "admin.logentry", "pk": 18, "fields": {"action_time": "2024-04-05T08:04:19.474Z", "user": 1, "content_type": 17, "object_id": "2", "object_repr": "Try to study everyday at the same time.", "action_flag": 1, "change_message": "[{\"added\": {}}]"}}, {"model": "admin.logentry", "pk": 19, "fields": {"action_time": "2024-04-05T08:04:22.332Z", "user": 1, "content_type": 16, "object_id": "1", "object_repr": "I believe making the most of the time you do get is the key. Focusing and doing questions daily cons", "action_flag": 2, "change_message": "[{\"changed\": {\"fields\": [\"Replies\"]}}]"}}, {"model": "admin.logentry", "pk": 20, "fields": {"action_time": "2024-04-06T13:49:16.543Z", "user": 1, "content_type": 8, "object_id": "2", "object_repr": "check user", "action_flag": 2, "change_message": "[{\"changed\": {\"fields\": [\"Bio\"]}}]"}}, {"model": "admin.logentry", "pk": 21, "fields": {"action_time": "2024-04-06T15:27:53.775Z", "user": 1, "content_type": 9, "object_id": "2", "object_repr": "Advice for interviews", "action_flag": 2, "change_message": "[{\"changed\": {\"fields\": [\"Content\", \"Categories\", \"Approved\", \"Tags\"]}}]"}}, {"model": "admin.logentry", "pk": 22, "fields": {"action_time": "2024-04-09T06:12:04.023Z", "user": 1, "content_type": 9, "object_id": "4", "object_repr": "A cute story.", "action_flag": 2, "change_message": "[{\"changed\": {\"fields\": [\"Content\", \"Categories\", \"Approved\", \"Tags\"]}}]"}}, {"model": "admin.logentry", "pk": 23, "fields": {"action_time": "2024-04-09T06:12:21.521Z", "user": 1, "content_type": 9, "object_id": "3", "object_repr": "How to deal with a stressful work environment?", "action_flag": 2, "change_message": "[{\"changed\": {\"fields\": [\"Content\", \"Categories\", \"Approved\", \"Tags\"]}}]"}}, {"model": "admin.logentry", "pk": 24, "fields": {"action_time": "2024-04-12T07:06:16.579Z", "user": 1, "content_type": 7, "object_id": "4", "object_repr": "Adulting", "action_flag": 1, "change_message": "[{\"added\": {}}]"}}, {"model": "admin.logentry", "pk": 25, "fields": {"action_time": "2024-04-12T07:10:38.486Z", "user": 1, "content_type": 7, "object_id": "5", "object_repr": "LGBTQ+ Community", "action_flag": 1, "change_message": "[{\"added\": {}}]"}}, {"model": "admin.logentry", "pk": 26, "fields": {"action_time": "2024-04-12T07:12:16.841Z", "user": 1, "content_type": 7, "object_id": "6", "object_repr": "Anxiety", "action_flag": 1, "change_message": "[{\"added\": {}}]"}}, {"model": "admin.logentry", "pk": 27, "fields": {"action_time": "2024-04-12T07:13:32.898Z", "user": 1, "content_type": 7, "object_id": "7", "object_repr": "Parenting Support Group", "action_flag": 1, "change_message": "[{\"added\": {}}]"}}, {"model": "admin.logentry", "pk": 28, "fields": {"action_time": "2024-04-12T07:15:25.994Z", "user": 1, "content_type": 7, "object_id": "8", "object_repr": "Differently Able & Awesome", "action_flag": 1, "change_message": "[{\"added\": {}}]"}}, {"model": "admin.logentry", "pk": 29, "fields": {"action_time": "2024-04-12T07:17:18.809Z", "user": 1, "content_type": 7, "object_id": "9", "object_repr": "Depression will not last :)", "action_flag": 1, "change_message": "[{\"added\": {}}]"}}, {"model": "admin.logentry", "pk": 30, "fields": {"action_time": "2024-04-12T16:05:39.281Z", "user": 1, "content_type": 9, "object_id": "5", "object_repr": "Multicultural Upringing", "action_flag": 2, "change_message": "[{\"changed\": {\"fields\": [\"Content\", \"Categories\", \"Approved\", \"Tags\"]}}]"}}, {"model": "admin.logentry", "pk": 31, "fields": {"action_time": "2024-04-12T16:11:08.274Z", "user": 1, "content_type": 9, "object_id": "6", "object_repr": "Some tips for Anxiety", "action_flag": 2, "change_message": "[{\"changed\": {\"fields\": [\"Content\", \"Categories\", \"Approved\", \"Tags\"]}}]"}}, {"model": "admin.logentry", "pk": 32, "fields": {"action_time": "2024-04-12T16:17:51.513Z", "user": 1, "content_type": 9, "object_id": "8", "object_repr": "Concerns about getting a job", "action_flag": 2, "change_message": "[{\"changed\": {\"fields\": [\"User\", \"Content\", \"Categories\", \"Approved\", \"Tags\"]}}]"}}, {"model": "admin.logentry", "pk": 33, "fields": {"action_time": "2024-04-12T16:18:32.338Z", "user": 1, "content_type": 9, "object_id": "7", "object_repr": "Study Tips", "action_flag": 2, "change_message": "[{\"changed\": {\"fields\": [\"User\", \"Content\", \"Categories\", \"Approved\", \"Tags\"]}}]"}}, {"model": "auth.permission", "pk": 1, "fields": {"name": "Can add log entry", "content_type": 1, "codename": "add_logentry"}}, {"model": "auth.permission", "pk": 2, "fields": {"name": "Can change log entry", "content_type": 1, "codename": "change_logentry"}}, {"model": "auth.permission", "pk": 3, "fields": {"name": "Can delete log entry", "content_type": 1, "codename": "delete_logentry"}}, {"model": "auth.permission", "pk": 4, "fields": {"name": "Can view log entry", "content_type": 1, "codename": "view_logentry"}}, {"model": "auth.permission", "pk": 5, "fields": {"name": "Can add permission", "content_type": 2, "codename": "add_permission"}}, {"model": "auth.permission", "pk": 6, "fields": {"name": "Can change permission", "content_type": 2, "codename": "change_permission"}}, {"model": "auth.permission", "pk": 7, "fields": {"name": "Can delete permission", "content_type": 2, "codename": "delete_permission"}}, {"model": "auth.permission", "pk": 8, "fields": {"name": "Can view permission", "content_type": 2, "codename": "view_permission"}}, {"model": "auth.permission", "pk": 9, "fields": {"name": "Can add group", "content_type": 3, "codename": "add_group"}}, {"model": "auth.permission", "pk": 10, "fields": {"name": "Can change group", "content_type": 3, "codename": "change_group"}}, {"model": "auth.permission", "pk": 11, "fields": {"name": "Can delete group", "content_type": 3, "codename": "delete_group"}}, {"model": "auth.permission", "pk": 12, "fields": {"name": "Can view group", "content_type": 3, "codename": "view_group"}}, {"model": "auth.permission", "pk": 13, "fields": {"name": "Can add user", "content_type": 4, "codename": "add_user"}}, {"model": "auth.permission", "pk": 14, "fields": {"name": "Can change user", "content_type": 4, "codename": "change_user"}}, {"model": "auth.permission", "pk": 15, "fields": {"name": "Can delete user", "content_type": 4, "codename": "delete_user"}}, {"model": "auth.permission", "pk": 16, "fields": {"name": "Can view user", "content_type": 4, "codename": "view_user"}}, {"model": "auth.permission", "pk": 17, "fields": {"name": "Can add content type", "content_type": 5, "codename": "add_contenttype"}}, {"model": "auth.permission", "pk": 18, "fields": {"name": "Can change content type", "content_type": 5, "codename": "change_contenttype"}}, {"model": "auth.permission", "pk": 19, "fields": {"name": "Can delete content type", "content_type": 5, "codename": "delete_contenttype"}}, {"model": "auth.permission", "pk": 20, "fields": {"name": "Can view content type", "content_type": 5, "codename": "view_contenttype"}}, {"model": "auth.permission", "pk": 21, "fields": {"name": "Can add session", "content_type": 6, "codename": "add_session"}}, {"model": "auth.permission", "pk": 22, "fields": {"name": "Can change session", "content_type": 6, "codename": "change_session"}}, {"model": "auth.permission", "pk": 23, "fields": {"name": "Can delete session", "content_type": 6, "codename": "delete_session"}}, {"model": "auth.permission", "pk": 24, "fields": {"name": "Can view session", "content_type": 6, "codename": "view_session"}}, {"model": "auth.permission", "pk": 25, "fields": {"name": "Can add category", "content_type": 7, "codename": "add_category"}}, {"model": "auth.permission", "pk": 26, "fields": {"name": "Can change category", "content_type": 7, "codename": "change_category"}}, {"model": "auth.permission", "pk": 27, "fields": {"name": "Can delete category", "content_type": 7, "codename": "delete_category"}}, {"model": "auth.permission", "pk": 28, "fields": {"name": "Can view category", "content_type": 7, "codename": "view_category"}}, {"model": "auth.permission", "pk": 29, "fields": {"name": "Can add author", "content_type": 8, "codename": "add_author"}}, {"model": "auth.permission", "pk": 30, "fields": {"name": "Can change author", "content_type": 8, "codename": "change_author"}}, {"model": "auth.permission", "pk": 31, "fields": {"name": "Can delete author", "content_type": 8, "codename": "delete_author"}}, {"model": "auth.permission", "pk": 32, "fields": {"name": "Can view author", "content_type": 8, "codename": "view_author"}}, {"model": "auth.permission", "pk": 33, "fields": {"name": "Can add post", "content_type": 9, "codename": "add_post"}}, {"model": "auth.permission", "pk": 34, "fields": {"name": "Can change post", "content_type": 9, "codename": "change_post"}}, {"model": "auth.permission", "pk": 35, "fields": {"name": "Can delete post", "content_type": 9, "codename": "delete_post"}}, {"model": "auth.permission", "pk": 36, "fields": {"name": "Can view post", "content_type": 9, "codename": "view_post"}}, {"model": "auth.permission", "pk": 37, "fields": {"name": "Can add tag", "content_type": 10, "codename": "add_tag"}}, {"model": "auth.permission", "pk": 38, "fields": {"name": "Can change tag", "content_type": 10, "codename": "change_tag"}}, {"model": "auth.permission", "pk": 39, "fields": {"name": "Can delete tag", "content_type": 10, "codename": "delete_tag"}}, {"model": "auth.permission", "pk": 40, "fields": {"name": "Can view tag", "content_type": 10, "codename": "view_tag"}}, {"model": "auth.permission", "pk": 41, "fields": {"name": "Can add tagged item", "content_type": 11, "codename": "add_taggeditem"}}, {"model": "auth.permission", "pk": 42, "fields": {"name": "Can change tagged item", "content_type": 11, "codename": "change_taggeditem"}}, {"model": "auth.permission", "pk": 43, "fields": {"name": "Can delete tagged item", "content_type": 11, "codename": "delete_taggeditem"}}, {"model": "auth.permission", "pk": 44, "fields": {"name": "Can view tagged item", "content_type": 11, "codename": "view_taggeditem"}}, {"model": "auth.permission", "pk": 45, "fields": {"name": "Can add Blacklisted IP", "content_type": 12, "codename": "add_blacklistip"}}, {"model": "auth.permission", "pk": 46, "fields": {"name": "Can change Blacklisted IP", "content_type": 12, "codename": "change_blacklistip"}}, {"model": "auth.permission", "pk": 47, "fields": {"name": "Can delete Blacklisted IP", "content_type": 12, "codename": "delete_blacklistip"}}, {"model": "auth.permission", "pk": 48, "fields": {"name": "Can view Blacklisted IP", "content_type": 12, "codename": "view_blacklistip"}}, {"model": "auth.permission", "pk": 49, "fields": {"name": "Can add Blacklisted User Agent", "content_type": 13, "codename": "add_blacklistuseragent"}}, {"model": "auth.permission", "pk": 50, "fields": {"name": "Can change Blacklisted User Agent", "content_type": 13, "codename": "change_blacklistuseragent"}}, {"model": "auth.permission", "pk": 51, "fields": {"name": "Can delete Blacklisted User Agent", "content_type": 13, "codename": "delete_blacklistuseragent"}}, {"model": "auth.permission", "pk": 52, "fields": {"name": "Can view Blacklisted User Agent", "content_type": 13, "codename": "view_blacklistuseragent"}}, {"model": "auth.permission", "pk": 53, "fields": {"name": "Can add hit", "content_type": 14, "codename": "add_hit"}}, {"model": "auth.permission", "pk": 54, "fields": {"name": "Can change hit", "content_type": 14, "codename": "change_hit"}}, {"model": "auth.permission", "pk": 55, "fields": {"name": "Can delete hit", "content_type": 14, "codename": "delete_hit"}}, {"model": "auth.permission", "pk": 56, "fields": {"name": "Can view hit", "content_type": 14, "codename": "view_hit"}}, {"model": "auth.permission", "pk": 57, "fields": {"name": "Can add hit count", "content_type": 15, "codename": "add_hitcount"}}, {"model": "auth.permission", "pk": 58, "fields": {"name": "Can change hit count", "content_type": 15, "codename": "change_hitcount"}}, {"model": "auth.permission", "pk": 59, "fields": {"name": "Can delete hit count", "content_type": 15, "codename": "delete_hitcount"}}, {"model": "auth.permission", "pk": 60, "fields": {"name": "Can view hit count", "content_type": 15, "codename": "view_hitcount"}}, {"model": "auth.permission", "pk": 61, "fields": {"name": "Can add comment", "content_type": 16, "codename": "add_comment"}}, {"model": "auth.permission", "pk": 62, "fields": {"name": "Can change comment", "content_type": 16, "codename": "change_comment"}}, {"model": "auth.permission", "pk": 63, "fields": {"name": "Can delete comment", "content_type": 16, "codename": "delete_comment"}}, {"model": "auth.permission", "pk": 64, "fields": {"name": "Can view comment", "content_type": 16, "codename": "view_comment"}}, {"model": "auth.permission", "pk": 65, "fields": {"name": "Can add reply", "content_type": 17, "codename": "add_reply"}}, {"model": "auth.permission", "pk": 66, "fields": {"name": "Can change reply", "content_type": 17, "codename": "change_reply"}}, {"model": "auth.permission", "pk": 67, "fields": {"name": "Can delete reply", "content_type": 17, "codename": "delete_reply"}}, {"model": "auth.permission", "pk": 68, "fields": {"name": "Can view reply", "content_type": 17, "codename": "view_reply"}}, {"model": "auth.user", "pk": 1, "fields": {"password": "pbkdf2_sha256$720000$9xqXWFXnWmY1BSc4sbq3Pw$x5BePowy3yRcqwVxb/GRwKefD5LA0V67H/6PiR70tJk=", "last_login": "2024-04-28T14:03:57.687Z", "is_superuser": true, "username": "admin", "first_name": "", "last_name": "", "email": "", "is_staff": true, "is_active": true, "date_joined": "2024-04-04T11:38:37.271Z", "groups": [], "user_permissions": []}}, {"model": "auth.user", "pk": 2, "fields": {"password": "pbkdf2_sha256$720000$fvEXGZjTk6qjhlYzrveA5I$/hq10gIs58PU4eQASu/iDVPCPR/iEs5lC9k0nQfRLug=", "last_login": "2024-04-05T14:13:12.217Z", "is_superuser": false, "username": "test", "first_name": "", "last_name": "", "email": "", "is_staff": false, "is_active": true, "date_joined": "2024-04-05T14:13:11.118Z", "groups": [], "user_permissions": []}}, {"model": "auth.user", "pk": 3, "fields": {"password": "pbkdf2_sha256$720000$D50sHqIOi97pH90B5FYBFz$rxxrYc+UbMU3QQgGAHpO0L91c4TgiO9stGacT0foCQ0=", "last_login": "2024-04-09T15:49:48.193Z", "is_superuser": false, "username": "check", "first_name": "", "last_name": "", "email": "", "is_staff": false, "is_active": true, "date_joined": "2024-04-06T13:45:45.722Z", "groups": [], "user_permissions": []}}, {"model": "auth.user", "pk": 4, "fields": {"password": "pbkdf2_sha256$720000$A3Ey9A1Nq5NpkUiEAINl1E$CwhlJsjEjUGFdAeA/fTiaUmtltGPfJN1J+/lMiUCLk4=", "last_login": "2024-05-04T16:20:09.880Z", "is_superuser": false, "username": "Eric_nam", "first_name": "", "last_name": "", "email": "", "is_staff": false, "is_active": true, "date_joined": "2024-04-09T17:04:09.228Z", "groups": [], "user_permissions": []}}, {"model": "auth.user", "pk": 5, "fields": {"password": "pbkdf2_sha256$720000$IGKcI8PcR9E6lv0QGupTfj$1Yxz+9+TWT/lUZ7ETEw82iL2X7WXh52FBboyP6m/VcE=", "last_login": "2024-04-12T13:34:15.487Z", "is_superuser": false, "username": "Lalisa", "first_name": "", "last_name": "", "email": "", "is_staff": false, "is_active": true, "date_joined": "2024-04-12T13:34:14.172Z", "groups": [], "user_permissions": []}}, {"model": "auth.user", "pk": 6, "fields": {"password": "pbkdf2_sha256$720000$uYJtoLgmqHMrTibgbvURfT$IEeOejIfXeRx/+X+Qnx+czfjHPQHdelQdAdm4+nzY6s=", "last_login": "2024-04-12T15:23:02.348Z", "is_superuser": false, "username": "BB9", "first_name": "", "last_name": "", "email": "", "is_staff": false, "is_active": true, "date_joined": "2024-04-12T15:23:00.784Z", "groups": [], "user_permissions": []}}, {"model": "contenttypes.contenttype", "pk": 1, "fields": {"app_label": "admin", "model": "logentry"}}, {"model": "contenttypes.contenttype", "pk": 2, "fields": {"app_label": "auth", "model": "permission"}}, {"model": "contenttypes.contenttype", "pk": 3, "fields": {"app_label": "auth", "model": "group"}}, {"model": "contenttypes.contenttype", "pk": 4, "fields": {"app_label": "auth", "model": "user"}}, {"model": "contenttypes.contenttype", "pk": 5, "fields": {"app_label": "contenttypes", "model": "contenttype"}}, {"model": "contenttypes.contenttype", "pk": 6, "fields": {"app_label": "sessions", "model": "session"}}, {"model": "contenttypes.contenttype", "pk": 7, "fields": {"app_label": "main", "model": "category"}}, {"model": "contenttypes.contenttype", "pk": 8, "fields": {"app_label": "main", "model": "author"}}, {"model": "contenttypes.contenttype", "pk": 9, "fields": {"app_label": "main", "model": "post"}}, {"model": "contenttypes.contenttype", "pk": 10, "fields": {"app_label": "taggit", "model": "tag"}}, {"model": "contenttypes.contenttype", "pk": 11, "fields": {"app_label": "taggit", "model": "taggeditem"}}, {"model": "contenttypes.contenttype", "pk": 12, "fields": {"app_label": "hitcount", "model": "blacklistip"}}, {"model": "contenttypes.contenttype", "pk": 13, "fields": {"app_label": "hitcount", "model": "blacklistuseragent"}}, {"model": "contenttypes.contenttype", "pk": 14, "fields": {"app_label": "hitcount", "model": "hit"}}, {"model": "contenttypes.contenttype", "pk": 15, "fields": {"app_label": "hitcount", "model": "hitcount"}}, {"model": "contenttypes.contenttype", "pk": 16, "fields": {"app_label": "main", "model": "comment"}}, {"model": "contenttypes.contenttype", "pk": 17, "fields": {"app_label": "main", "model": "reply"}}, {"model": "sessions.session", "pk": "4uodjvo69vir6as74cdu18vxno7rgtpg", "fields": {"session_data": ".eJxVjMEOwiAQBf-FsyHAwgIevfsNhAUqVQNJaU_Gf9cmPej1zcx7sRC3tYZtlCXMmZ2ZZqffjWJ6lLaDfI_t1nnqbV1m4rvCDzr4tefyvBzu30GNo35r5ymh85gJsyLrjVN-AiMdIWhAA-Q0ebJWENgoJ60EAvrsZCQQqrD3B8MaNss:1s3I7N:ZkLOss-YbnRLFWDxrgdq26CmImhvf0ZLSvpbEDjST4c", "expire_date": "2024-05-18T16:20:09.929Z"}}, {"model": "sessions.session", "pk": "biurhayz51d24mrih2vq9zs5f1srzooh", "fields": {"session_data": ".eJxVjMEOwiAQBf-FsyHAwgIevfsNhAUqVQNJaU_Gf9cmPej1zcx7sRC3tYZtlCXMmZ2ZZqffjWJ6lLaDfI_t1nnqbV1m4rvCDzr4tefyvBzu30GNo35r5ymh85gJsyLrjVN-AiMdIWhAA-Q0ebJWENgoJ60EAvrsZCQQqrD3B8MaNss:1s149s:O8nHbxra09sUuxgiSc8AXTYbG78KOPUhWDgCA47wFKc", "expire_date": "2024-05-12T13:01:32.541Z"}}, {"model": "sessions.session", "pk": "cbj1a883hgwwu6amav1jtkyphzbqa1u2", "fields": {"session_data": ".eJxVjMsOwiAUBf-FtSHtLQXq0r3fQLgPpGogKe3K-O_apAvdnpk5LxXituawNVnCzOqsBnX63TDSQ8oO-B7LrWqqZV1m1LuiD9r0tbI8L4f7d5Bjy9_ajWR44MSA3LkIvbBByzYJOEBJE1FywNb0IKNn6dBPLC55MhDFgnp_ABazOS4:1rt7fa:q7mYy8aIVZ5G7e9GxyrkrEidLjRe0IwCykrwI-sDENw", "expire_date": "2024-04-20T15:09:26.575Z"}}, {"model": "sessions.session", "pk": "kdoouf1epm46jpnml18g0s4x1tdd9bcn", "fields": {"session_data": ".eJxVjMEOwiAQBf-FsyHAwgIevfsNhAUqVQNJaU_Gf9cmPej1zcx7sRC3tYZtlCXMmZ2ZZqffjWJ6lLaDfI_t1nnqbV1m4rvCDzr4tefyvBzu30GNo35r5ymh85gJsyLrjVN-AiMdIWhAA-Q0ebJWENgoJ60EAvrsZCQQqrD3B8MaNss:1s3I7L:kl8bGGhCWnLk0q60mNp9ccRNA4zx_lj5L2ozkREgg2w", "expire_date": "2024-05-18T16:20:07.960Z"}}, {"model": "sessions.session", "pk": "t5edjg60eztys3hsp5qmqnrnwc8pdbl2", "fields": {"session_data": ".eJxVjEEOwiAQRe_C2pBhsAIu3fcMBGamUjU0Ke3KeHfbpAvd_vfef6uY1qXEtckcR1ZXher0u-VET6k74Eeq90nTVJd5zHpX9EGb7ieW1-1w_w5KamWrjbB4KwBn6oASdmLokoM4EiIUZJeDHcAbRwgYwAY2dpPCkB1479TnC_beN84:1rskJc:ZQVxKFL5RXOwbiGHJeOgkrB0eAZwJ8VXHE17skeCy_g", "expire_date": "2024-04-19T14:13:12.229Z"}}, {"model": "sessions.session", "pk": "ysmqb3aonowyzcdfqjgg3zjtuqzq21if", "fields": {"session_data": ".eJxVjMEOwiAQBf-FsyHAwgIevfsNhAUqVQNJaU_Gf9cmPej1zcx7sRC3tYZtlCXMmZ2ZZqffjWJ6lLaDfI_t1nnqbV1m4rvCDzr4tefyvBzu30GNo35r5ymh85gJsyLrjVN-AiMdIWhAA-Q0ebJWENgoJ60EAvrsZCQQqrD3B8MaNss:1s3FLg:71O_Lk1z2-OcdQu1_iMhPD_wFPOnoyfJMxiIlEgTeeM", "expire_date": "2024-05-18T13:22:44.838Z"}}, {"model": "sessions.session", "pk": "zcf0yp2uju51nfin11ww9p55sqn1vk0w", "fields": {"session_data": ".eJxVjMEOwiAQBf-FsyHAwgIevfsNhAUqVQNJaU_Gf9cmPej1zcx7sRC3tYZtlCXMmZ2ZZqffjWJ6lLaDfI_t1nnqbV1m4rvCDzr4tefyvBzu30GNo35r5ymh85gJsyLrjVN-AiMdIWhAA-Q0ebJWENgoJ60EAvrsZCQQqrD3B8MaNss:1s3FLk:WrE9VxL03_-YzG6Iv1CP1DotTmScDr5qm5ZMTj3Zb9U", "expire_date": "2024-05-18T13:22:48.068Z"}}, {"model": "sessions.session", "pk": "zi8663j0uuoae4nav39wyilf6dq0amus", "fields": {"session_data": "e30:1rup1Z:3WMkayeffykAmdSgd05k0igkauxzIPBVCTjE0G0pswM", "expire_date": "2024-04-25T07:39:09.405Z"}}, {"model": "main.author", "pk": 1, "fields": {"user": 1, "fullname": "Apoorva Chauhan", "slug": "apoorva-chauhan", "bio": "<p>MCA student at IGDTUW</p>", "points": 0, "profile_pic": "authors/illustration-2770398_1280_totdu51.jpeg"}}, {"model": "main.author", "pk": 2, "fields": {"user": 3, "fullname": "check user", "slug": "check-user", "bio": "<p>Hey, Check this side.</p>", "points": 0, "profile_pic": ""}}, {"model": "main.author", "pk": 3, "fields": {"user": 6, "fullname": "Brooklyn Bake", "slug": "brooklyn-bake", "bio": "Brooklyn girl, Lawyer", "points": 0, "profile_pic": "authors/woman-8604350_1280.jpeg"}}, {"model": "main.author", "pk": 4, "fields": {"user": 4, "fullname": "Eric Nam", "slug": "eric-nam", "bio": "Singer, Dancer", "points": 0, "profile_pic": "authors/shoes-8212405_1280.jpeg"}}, {"model": "main.category", "pk": 1, "fields": {"title": "Students", "slug": "students", "description": "Our community is built on empathy, respect, and confidentiality. Together, we strive to create a judgment-free zone where individuals can express themselves freely. Let's navigate the ups and downs of student life together, one supportive conversation at a time."}}, {"model": "main.category", "pk": 2, "fields": {"title": "Compassion", "slug": "compassion", "description": "description"}}, {"model": "main.category", "pk": 3, "fields": {"title": "Work stress", "slug": "work-stress", "description": "description"}}, {"model": "main.category", "pk": 4, "fields": {"title": "Adulting", "slug": "adulting", "description": "We are a group of young adults trying to figure out adulting. A safe space all the stupid questions one needs to ask to survive."}}, {"model": "main.category", "pk": 5, "fields": {"title": "LGBTQ+ Community", "slug": "lgbtq-community", "description": "We promote empowerment, self-acceptance, and resilience among LGBTQ+ individuals by fostering connections and solidarity within the community. Whether it's coming out, navigating relationships, dealing with discrimination, or exploring gender identity, members can share their stories with people who can relate."}}, {"model": "main.category", "pk": 6, "fields": {"title": "Anxiety", "slug": "anxiety", "description": "Through open and empathetic communication, members of the group can exchange coping strategies, relaxation techniques, and practical tips for managing anxiety symptoms. Group discussions often focus on identifying triggers, challenging negative thought patterns, and developing healthy coping mechanisms to improve overall well-being."}}, {"model": "main.category", "pk": 7, "fields": {"title": "Parenting Support Group", "slug": "parenting-support-group", "description": "We focus on providing support and resources for parents facing various challenges, including raising children with special needs, navigating the adoption process, or dealing with teenage issues. They offer a space for parents to share parenting tips, seek advice, and receive encouragement from fellow parents."}}, {"model": "main.category", "pk": 8, "fields": {"title": "Differently Able & Awesome", "slug": "differently-able-awesome", "description": "Members can connect with others who understand the unique challenges they face on a daily basis. Whether it's physical limitations, accessibility barriers, discrimination, or navigating the healthcare system, members can find empathy, validation, and practical advice from peers who share similar experiences."}}, {"model": "main.category", "pk": 9, "fields": {"title": "Depression will not last :)", "slug": "depression-will-not-last", "description": "Through mutual support and empathy, members of the group offer encouragement, validation, and practical advice to help each other cope with their symptoms and work towards recovery. We can and we will."}}, {"model": "main.reply", "pk": 1, "fields": {"user": 1, "content": "Along with this maintaining a notebook with the question you have done helps in revision.", "date": "2024-04-05T07:07:58.884Z"}}, {"model": "main.reply", "pk": 2, "fields": {"user": 1, "content": "Try to study everyday at the same time.", "date": "2024-04-05T08:04:19.442Z"}}, {"model": "main.reply", "pk": 3, "fields": {"user": 4, "content": "yooooooooooo", "date": "2024-04-28T13:20:04.698Z"}}, {"model": "main.comment", "pk": 1, "fields": {"user": 1, "content": "I believe making the most of the time you do get is the key. Focusing and doing questions daily consistently, you will start see continuous progress.", "date": "2024-04-05T07:06:48.398Z", "replies": [1, 2]}}, {"model": "main.comment", "pk": 2, "fields": {"user": 1, "content": "try to do assignments in gaps between classes so that you can concentrate on DSA at home", "date": "2024-04-07T13:43:33.920Z", "replies": []}}, {"model": "main.comment", "pk": 3, "fields": {"user": 1, "content": "thanks these are helpful", "date": "2024-04-12T16:23:47.907Z", "replies": []}}, {"model": "main.comment", "pk": 4, "fields": {"user": 4, "content": "", "date": "2024-04-14T14:49:39.441Z", "replies": []}}, {"model": "main.comment", "pk": 5, "fields": {"user": 4, "content": "woooooooooo", "date": "2024-04-28T13:02:03.061Z", "replies": [3]}}, {"model": "main.post", "pk": 1, "fields": {"title": "DSA", "slug": "dsa", "user": 1, "content": "<p>How to maintain a <span style=\"background-color: rgb(236, 202, 250);\"><strong>balance between college and self-studies</strong> </span>for placements? Balancing both can cause a lot of stress. looking for time management advice.</p>", "date": "2024-04-04T13:52:58.069Z", "approved": true, "closed": false, "state": "zero", "categories": [1], "comments": [1, 2, 4]}}, {"model": "main.post", "pk": 2, "fields": {"title": "Advice for interviews", "slug": "advice-for-interviews", "user": 2, "content": "<p>I get nervous in interviews and end up not performing to my full potential. I would appreciate some suggestions to up my confidence.</p>", "date": "2024-04-06T15:25:55.691Z", "approved": true, "closed": false, "state": "zero", "categories": [1], "comments": []}}, {"model": "main.post", "pk": 3, "fields": {"title": "How to deal with a stressful work environment?", "slug": "how-to-deal-with-a-stressful-work-environment", "user": 1, "content": "<p>My team has been working overtime for a project for almost a month and the entire team is quite stressed and unmotivated. Can you suggest some ways to make the situation better.</p>", "date": "2024-04-09T06:09:03.025Z", "approved": true, "closed": false, "state": "zero", "categories": [3], "comments": []}}, {"model": "main.post", "pk": 4, "fields": {"title": "A cute story.", "slug": "a-cute-story", "user": 1, "content": "<p>Once upon a time, in a bustling city filled with people rushing about their daily lives, there lived a young girl named Maya. Maya was known for her kindness and compassion towards everyone she met. She would always lend a helping hand to those in need, whether it was feeding stray animals on the street or comforting a friend in distress. One chilly winter evening, as Maya was walking home from school, she noticed an elderly man sitting on a bench, shivering in the cold. His thin coat barely provided any warmth, and his wrinkled face reflected a sense of despair. Maya's heart immediately went out to him. Approaching the old man, Maya smiled warmly and asked, \"Are you okay, sir? You seem cold.\" The man looked up at her with weary eyes and nodded. \"I-I'm fine, dear. Just waiting for the bus.\" But Maya could sense the truth behind his words. Without hesitation, she took off her own thick scarf and gently wrapped it around the man's shoulders. \"Here, this should keep you warm,\" she said softly. Touched by Maya's kindness, the man's eyes welled up with tears. \"Thank you, my dear. You're truly an angel.\" Maya simply smiled and wished him well before continuing on her way home. Little did she know, her act of compassion would have a ripple effect throughout the city. The next day, as Maya walked to school, she noticed the elderly man from the bench sitting on the same spot, but this time, he was not alone. Surrounding him were several other people, each offering him blankets, hot meals, and words of comfort. Maya's heart swelled with joy at the sight of strangers coming together to help someone in need. As days passed, Maya's simple act of kindness inspired others to show compassion towards those less fortunate. People started volunteering at homeless shelters, donating clothes and food to those in need, and spreading love and kindness wherever they went. The city that was once filled with hurried footsteps and indifferent glances was now brimming with compassion and empathy. And it all started with one young girl who believed in the power of kindness. From that day forward, Maya continued to be a beacon of compassion in her community, reminding everyone that a small act of kindness could make a world of difference in someone's life. And as for the elderly man on the bench, he never forgot the warmth of Maya's scarf or the kindness in her eyes. It was a gift he would cherish forever, a reminder that compassion knows no bounds and that a caring heart can truly change the world.</p>", "date": "2024-04-09T06:10:39.518Z", "approved": true, "closed": false, "state": "zero", "categories": [2], "comments": []}}, {"model": "main.post", "pk": 5, "fields": {"title": "Multicultural Upringing", "slug": "multicultural-upringing", "user": 4, "content": "<p>Living in a multicultural environment also exposed me to a wide array of cuisines, music, art, and customs. Trying new foods, listening to different genres of music, and exploring various art forms enriched my sensory experiences and broadened my cultural horizons. However, along with the richness of diversity, there were also moments of navigating cultural differences and misunderstandings. Learning to navigate these differences with empathy, curiosity, and open-mindedness taught me valuable lessons in tolerance, acceptance, and adaptability. Overall, my multicultural upbringing has instilled in me a deep sense of cultural appreciation, empathy, and interconnectedness with people from all walks of life. It has shaped me into a global citizen who values diversity, embraces difference, and finds strength in the tapestry of human experiences.</p>", "date": "2024-04-12T16:03:50.442Z", "approved": true, "closed": false, "state": "zero", "categories": [4], "comments": []}}, {"model": "main.post", "pk": 6, "fields": {"title": "Some tips for Anxiety", "slug": "some-tips-for-anxiety", "user": 1, "content": "<p>Here are some tips that helped me deal with anxiety: 1. Deep Breathing: Practice deep breathing exercises to calm your mind and body. Focus on slow, deep breaths to help reduce anxiety. 2. Mindfulness and Meditation: Mindfulness techniques and meditation can help you stay grounded in the present moment and reduce anxious thoughts. 3. Regular Exercise: Engage in regular physical activity, as exercise is known to reduce stress and anxiety levels. Even a short walk or gentle yoga session can make a difference. 4. Healthy Lifestyle: Maintain a balanced diet, get enough sleep, and avoid excessive caffeine and alcohol, as these can exacerbate anxiety symptoms. 5. Challenge Negative Thoughts: Learn to challenge and reframe negative thoughts that contribute to your anxiety. Ask yourself if your worries are realistic or if you are catastrophizing.</p>", "date": "2024-04-12T16:10:11.181Z", "approved": true, "closed": false, "state": "zero", "categories": [6], "comments": []}}, {"model": "main.post", "pk": 7, "fields": {"title": "Study Tips", "slug": "study-tips", "user": 3, "content": "<p>Studying effectively is a skill that can significantly impact your academic success. Here are some tips to help you study better: 1. **Create a Study Schedule:** Establish a regular study routine and allocate specific times for studying each day. Consistency is key to forming good study habits. 2. **Set Goals:** Set clear, achievable goals for each study session. Break down larger tasks into smaller, manageable goals to stay focused and motivated. 3. **Use Active Learning Techniques:** Engage actively with the material by summarizing, questioning, and connecting concepts. Practice retrieval techniques such as self-testing to reinforce learning. 4. **Take Regular Breaks:** Take short breaks during study sessions to rest and recharge. Pomodoro Technique, for example, involves studying for 25 minutes and then taking a 5-minute break. 5. **Stay Organized:** Keep your study materials, notes, and resources organized. Use tools like planners, calendars, or digital apps to track assignments, deadlines, and study sessions. 6. **Practice Active Reading:** Develop effective reading strategies such as skimming, scanning, and annotating texts. Take notes while reading to summarize key points and make connections. 7. **Stay Healthy:** Prioritize your physical and mental well-being by getting enough sleep, eating nutritious meals, exercising regularly, and managing stress effectively. A healthy body and mind are essential for optimal learning. 8. **Stay Motivated:** Find intrinsic and extrinsic motivators to keep yourself engaged and committed to your studies. Celebrate small victories and progress to maintain a positive attitude towards learning.</p>", "date": "2024-04-12T16:14:27.728Z", "approved": true, "closed": false, "state": "zero", "categories": [1], "comments": [3]}}, {"model": "main.post", "pk": 8, "fields": {"title": "Concerns about getting a job", "slug": "concerns-about-getting-a-job", "user": 4, "content": "<p>As I am going to graduate this year, with the ongoing recession I am stressed about if I will get a job. Can someone with work experience expand on the true state of the job market?</p>", "date": "2024-04-12T16:16:43.237Z", "approved": true, "closed": false, "state": "zero", "categories": [1], "comments": []}}, {"model": "main.post", "pk": 9, "fields": {"title": "chhhhhhhhh", "slug": "chhhhhhhhh", "user": 4, "content": "fffffffffffffffffffffffffffffffff", "date": "2024-04-14T10:24:14.860Z", "approved": true, "closed": false, "state": "zero", "categories": [], "comments": []}}, {"model": "main.post", "pk": 10, "fields": {"title": "hhhhhhhhhhhhhhhh", "slug": "hhhhhhhhhhhhhhhh", "user": 1, "content": "yyyyyyyyyyyyyyyyyyyyy", "date": "2024-04-14T10:58:30.775Z", "approved": true, "closed": false, "state": "zero", "categories": [], "comments": [5]}}, {"model": "main.post", "pk": 11, "fields": {"title": "Tips to deal with stress", "slug": "tips-to-deal-with-stress", "user": 1, "content": "Sure, here are three effective tips for dealing with stress:\r\n\r\n1. Practice Mindfulness: Mindfulness techniques, such as deep breathing, meditation, or yoga, can help calm your mind and reduce stress levels. These practices encourage you to focus on the present moment, letting go of worries about the past or future.\r\n\r\n2. Stay Active: Physical activity is a powerful stress reliever. Exercise releases endorphins, which are natural mood lifters, and helps to reduce levels of the body's stress hormones, such as cortisol. Even a short walk or some stretching can make a significant difference in how you feel.\r\n\r\n3. Prioritize and Organize: Feeling overwhelmed by tasks can contribute to stress. Break down your responsibilities into smaller, manageable steps, and prioritize them based on importance and deadlines. Creating to-do lists or using productivity tools can help you stay organized and focused, reducing stress about forgetting or neglecting important tasks.", "date": "2024-04-28T14:07:31.733Z", "approved": true, "closed": false, "state": "zero", "categories": [], "comments": []}}, {"model": "main.post", "pk": 12, "fields": {"title": "Stressss", "slug": "stressss", "user": 1, "content": "ffffffffffffffffffffffffff", "date": "2024-04-28T14:13:50.240Z", "approved": true, "closed": false, "state": "zero", "categories": [], "comments": []}}, {"model": "main.post", "pk": 13, "fields": {"title": "fffffffffffffff", "slug": "fffffffffffffff", "user": 1, "content": "gggggggggggggggggggg", "date": "2024-04-28T14:18:52.240Z", "approved": true, "closed": false, "state": "zero", "categories": [1], "comments": []}}, {"model": "hitcount.hitcount", "pk": 1, "fields": {"hits": 13, "modified": "2024-05-04T13:23:33.301Z", "content_type": 9, "object_pk": 1}}, {"model": "hitcount.hitcount", "pk": 2, "fields": {"hits": 6, "modified": "2024-05-04T13:03:29.612Z", "content_type": 9, "object_pk": 2}}, {"model": "hitcount.hitcount", "pk": 3, "fields": {"hits": 5, "modified": "2024-04-28T13:00:52.279Z", "content_type": 9, "object_pk": 3}}, {"model": "hitcount.hitcount", "pk": 4, "fields": {"hits": 9, "modified": "2024-05-04T16:23:48.269Z", "content_type": 9, "object_pk": 4}}, {"model": "hitcount.hitcount", "pk": 5, "fields": {"hits": 3, "modified": "2024-04-28T13:31:02.970Z", "content_type": 9, "object_pk": 5}}, {"model": "hitcount.hitcount", "pk": 6, "fields": {"hits": 2, "modified": "2024-04-14T10:04:18.310Z", "content_type": 9, "object_pk": 6}}, {"model": "hitcount.hitcount", "pk": 7, "fields": {"hits": 5, "modified": "2024-05-04T13:23:25.606Z", "content_type": 9, "object_pk": 8}}, {"model": "hitcount.hitcount", "pk": 8, "fields": {"hits": 3, "modified": "2024-05-04T12:03:53.383Z", "content_type": 9, "object_pk": 7}}, {"model": "hitcount.hitcount", "pk": 9, "fields": {"hits": 1, "modified": "2024-04-14T10:24:39.525Z", "content_type": 9, "object_pk": 9}}, {"model": "hitcount.hitcount", "pk": 10, "fields": {"hits": 2, "modified": "2024-04-28T13:01:53.722Z", "content_type": 9, "object_pk": 10}}, {"model": "hitcount.hitcount", "pk": 11, "fields": {"hits": 2, "modified": "2024-05-04T13:10:47.242Z", "content_type": 9, "object_pk": 13}}, {"model": "hitcount.hit", "pk": 1, "fields": {"created": "2024-04-04T16:19:34.217Z", "ip": "127.0.0.1", "session": "wdnjnwmn0tex13kdtvdmhiukzu3de6xi", "user_agent": "Mozilla/5.0 (Windows NT 10.0; Win64; x64) AppleWebKit/537.36 (KHTML, like Gecko) Chrome/123.0.0.0 Safari/537.36", "user": 1, "hitcount": 1}}, {"model": "hitcount.hit", "pk": 2, "fields": {"created": "2024-04-06T15:28:15.622Z", "ip": "127.0.0.1", "session": "cbj1a883hgwwu6amav1jtkyphzbqa1u2", "user_agent": "Mozilla/5.0 (Windows NT 10.0; Win64; x64) AppleWebKit/537.36 (KHTML, like Gecko) Chrome/123.0.0.0 Safari/537.36", "user": 3, "hitcount": 2}}, {"model": "hitcount.hit", "pk": 3, "fields": {"created": "2024-04-06T15:29:58.116Z", "ip": "127.0.0.1", "session": "cbj1a883hgwwu6amav1jtkyphzbqa1u2", "user_agent": "Mozilla/5.0 (Windows NT 10.0; Win64; x64) AppleWebKit/537.36 (KHTML, like Gecko) Chrome/123.0.0.0 Safari/537.36", "user": 3, "hitcount": 1}}, {"model": "hitcount.hit", "pk": 4, "fields": {"created": "2024-04-06T15:34:04.039Z", "ip": "127.0.0.1", "session": "qsvmjecd6rlbdwh5d90eh2knyamcd3w9", "user_agent": "Mozilla/5.0 (Windows NT 10.0; Win64; x64) AppleWebKit/537.36 (KHTML, like Gecko) Chrome/123.0.0.0 Safari/537.36", "user": 1, "hitcount": 2}}, {"model": "hitcount.hit", "pk": 5, "fields": {"created": "2024-04-09T06:12:48.727Z", "ip": "127.0.0.1", "session": "qsvmjecd6rlbdwh5d90eh2knyamcd3w9", "user_agent": "Mozilla/5.0 (Windows NT 10.0; Win64; x64) AppleWebKit/537.36 (KHTML, like Gecko) Chrome/123.0.0.0 Safari/537.36", "user": 1, "hitcount": 3}}, {"model": "hitcount.hit", "pk": 6, "fields": {"created": "2024-04-09T06:13:02.314Z", "ip": "127.0.0.1", "session": "qsvmjecd6rlbdwh5d90eh2knyamcd3w9", "user_agent": "Mozilla/5.0 (Windows NT 10.0; Win64; x64) AppleWebKit/537.36 (KHTML, like Gecko) Chrome/123.0.0.0 Safari/537.36", "user": 1, "hitcount": 4}}, {"model": "hitcount.hit", "pk": 7, "fields": {"created": "2024-04-09T15:23:40.127Z", "ip": "127.0.0.1", "session": "530n1xb8n7xgx4kdyes5hp42dhfwv2pf", "user_agent": "Mozilla/5.0 (Windows NT 10.0; Win64; x64) AppleWebKit/537.36 (KHTML, like Gecko) Chrome/123.0.0.0 Safari/537.36", "user": null, "hitcount": 1}}, {"model": "hitcount.hit", "pk": 8, "fields": {"created": "2024-04-09T16:21:38.679Z", "ip": "127.0.0.1", "session": "1b7qqilb0x5x3q0tc462i2occfell9bh", "user_agent": "Mozilla/5.0 (Windows NT 10.0; Win64; x64) AppleWebKit/537.36 (KHTML, like Gecko) Chrome/123.0.0.0 Safari/537.36", "user": 3, "hitcount": 4}}, {"model": "hitcount.hit", "pk": 9, "fields": {"created": "2024-04-11T07:39:09.483Z", "ip": "127.0.0.1", "session": "zi8663j0uuoae4nav39wyilf6dq0amus", "user_agent": "Mozilla/5.0 (Windows NT 10.0; Win64; x64) AppleWebKit/537.36 (KHTML, like Gecko) Chrome/123.0.0.0 Safari/537.36", "user": null, "hitcount": 2}}, {"model": "hitcount.hit", "pk": 10, "fields": {"created": "2024-04-11T07:39:21.125Z", "ip": "127.0.0.1", "session": "4oxzx39bi78xgefjgfok4lvor1bjl2jo", "user_agent": "Mozilla/5.0 (Windows NT 10.0; Win64; x64) AppleWebKit/537.36 (KHTML, like Gecko) Chrome/123.0.0.0 Safari/537.36", "user": null, "hitcount": 1}}, {"model": "hitcount.hit", "pk": 11, "fields": {"created": "2024-04-11T15:35:55.447Z", "ip": "127.0.0.1", "session": "3xwf72ezhjgfrkhkyxjexhvsvo5qecaj", "user_agent": "Mozilla/5.0 (Windows NT 10.0; Win64; x64) AppleWebKit/537.36 (KHTML, like Gecko) Chrome/123.0.0.0 Safari/537.36", "user": null, "hitcount": 1}}, {"model": "hitcount.hit", "pk": 12, "fields": {"created": "2024-04-11T16:13:48.952Z", "ip": "127.0.0.1", "session": "3xwf72ezhjgfrkhkyxjexhvsvo5qecaj", "user_agent": "Mozilla/5.0 (Windows NT 10.0; Win64; x64) AppleWebKit/537.36 (KHTML, like Gecko) Chrome/123.0.0.0 Safari/537.36", "user": null, "hitcount": 2}}, {"model": "hitcount.hit", "pk": 13, "fields": {"created": "2024-04-11T16:36:55.710Z", "ip": "127.0.0.1", "session": "3xwf72ezhjgfrkhkyxjexhvsvo5qecaj", "user_agent": "Mozilla/5.0 (Windows NT 10.0; Win64; x64) AppleWebKit/537.36 (KHTML, like Gecko) Chrome/123.0.0.0 Safari/537.36", "user": null, "hitcount": 4}}, {"model": "hitcount.hit", "pk": 14, "fields": {"created": "2024-04-11T17:47:18.098Z", "ip": "127.0.0.1", "session": "3xwf72ezhjgfrkhkyxjexhvsvo5qecaj", "user_agent": "Mozilla/5.0 (Windows NT 10.0; Win64; x64) AppleWebKit/537.36 (KHTML, like Gecko) Chrome/123.0.0.0 Safari/537.36", "user": null, "hitcount": 3}}, {"model": "hitcount.hit", "pk": 15, "fields": {"created": "2024-04-12T07:58:22.265Z", "ip": "127.0.0.1", "session": "kq1nq6jgziwpwt5hdvjvncjxrjers83l", "user_agent": "Mozilla/5.0 (Windows NT 10.0; Win64; x64) AppleWebKit/537.36 (KHTML, like Gecko) Chrome/123.0.0.0 Safari/537.36", "user": null, "hitcount": 4}}, {"model": "hitcount.hit", "pk": 16, "fields": {"created": "2024-04-12T08:02:50.042Z", "ip": "127.0.0.1", "session": "kq1nq6jgziwpwt5hdvjvncjxrjers83l", "user_agent": "Mozilla/5.0 (Windows NT 10.0; Win64; x64) AppleWebKit/537.36 (KHTML, like Gecko) Chrome/123.0.0.0 Safari/537.36", "user": null, "hitcount": 1}}, {"model": "hitcount.hit", "pk": 17, "fields": {"created": "2024-04-12T13:06:28.644Z", "ip": "127.0.0.1", "session": "kyj3ip71pe6of89jeu3p2gnwhiqjsqt9", "user_agent": "Mozilla/5.0 (Windows NT 10.0; Win64; x64) AppleWebKit/537.36 (KHTML, like Gecko) Chrome/123.0.0.0 Safari/537.36", "user": null, "hitcount": 1}}, {"model": "hitcount.hit", "pk": 18, "fields": {"created": "2024-04-12T13:31:25.860Z", "ip": "127.0.0.1", "session": "rm2xtzoo0rx4ojy8llqnzv5gfqgkh0o5", "user_agent": "Mozilla/5.0 (Windows NT 10.0; Win64; x64) AppleWebKit/537.36 (KHTML, like Gecko) Chrome/123.0.0.0 Safari/537.36", "user": 1, "hitcount": 1}}, {"model": "hitcount.hit", "pk": 19, "fields": {"created": "2024-04-12T16:05:51.994Z", "ip": "127.0.0.1", "session": "g5eha4k397khwcwsd7zqh20w5o9a00km", "user_agent": "Mozilla/5.0 (Windows NT 10.0; Win64; x64) AppleWebKit/537.36 (KHTML, like Gecko) Chrome/123.0.0.0 Safari/537.36", "user": 1, "hitcount": 5}}, {"model": "hitcount.hit", "pk": 20, "fields": {"created": "2024-04-12T16:11:14.991Z", "ip": "127.0.0.1", "session": "g5eha4k397khwcwsd7zqh20w5o9a00km", "user_agent": "Mozilla/5.0 (Windows NT 10.0; Win64; x64) AppleWebKit/537.36 (KHTML, like Gecko) Chrome/123.0.0.0 Safari/537.36", "user": 1, "hitcount": 6}}, {"model": "hitcount.hit", "pk": 21, "fields": {"created": "2024-04-12T16:18:47.387Z", "ip": "127.0.0.1", "session": "g5eha4k397khwcwsd7zqh20w5o9a00km", "user_agent": "Mozilla/5.0 (Windows NT 10.0; Win64; x64) AppleWebKit/537.36 (KHTML, like Gecko) Chrome/123.0.0.0 Safari/537.36", "user": 1, "hitcount": 7}}, {"model": "hitcount.hit", "pk": 22, "fields": {"created": "2024-04-12T16:19:05.310Z", "ip": "127.0.0.1", "session": "g5eha4k397khwcwsd7zqh20w5o9a00km", "user_agent": "Mozilla/5.0 (Windows NT 10.0; Win64; x64) AppleWebKit/537.36 (KHTML, like Gecko) Chrome/123.0.0.0 Safari/537.36", "user": 1, "hitcount": 8}}, {"model": "hitcount.hit", "pk": 23, "fields": {"created": "2024-04-14T07:58:36.458Z", "ip": "127.0.0.1", "session": "lavftsb1m4r8o909zjnix4grmvu78h3j", "user_agent": "Mozilla/5.0 (Windows NT 10.0; Win64; x64) AppleWebKit/537.36 (KHTML, like Gecko) Chrome/123.0.0.0 Safari/537.36", "user": null, "hitcount": 3}}, {"model": "hitcount.hit", "pk": 24, "fields": {"created": "2024-04-14T08:02:57.044Z", "ip": "127.0.0.1", "session": "lavftsb1m4r8o909zjnix4grmvu78h3j", "user_agent": "Mozilla/5.0 (Windows NT 10.0; Win64; x64) AppleWebKit/537.36 (KHTML, like Gecko) Chrome/123.0.0.0 Safari/537.36", "user": null, "hitcount": 5}}, {"model": "hitcount.hit", "pk": 25, "fields": {"created": "2024-04-14T08:28:37.572Z", "ip": "127.0.0.1", "session": "d2q53nnxl1jxw1nrhw8d57pf67h86fr5", "user_agent": "Mozilla/5.0 (Windows NT 10.0; Win64; x64) AppleWebKit/537.36 (KHTML, like Gecko) Chrome/123.0.0.0 Safari/537.36", "user": null, "hitcount": 4}}, {"model": "hitcount.hit", "pk": 26, "fields": {"created": "2024-04-14T09:21:28.086Z", "ip": "127.0.0.1", "session": "5cgsmf3crk5xkl9bzgc4pqqh1y6wc5ns", "user_agent": "Mozilla/5.0 (Windows NT 10.0; Win64; x64) AppleWebKit/537.36 (KHTML, like Gecko) Chrome/123.0.0.0 Safari/537.36", "user": 4, "hitcount": 1}}, {"model": "hitcount.hit", "pk": 27, "fields": {"created": "2024-04-14T10:04:18.396Z", "ip": "127.0.0.1", "session": "5cgsmf3crk5xkl9bzgc4pqqh1y6wc5ns", "user_agent": "Mozilla/5.0 (Windows NT 10.0; Win64; x64) AppleWebKit/537.36 (KHTML, like Gecko) Chrome/123.0.0.0 Safari/537.36", "user": 4, "hitcount": 6}}, {"model": "hitcount.hit", "pk": 28, "fields": {"created": "2024-04-14T10:04:42.486Z", "ip": "127.0.0.1", "session": "5cgsmf3crk5xkl9bzgc4pqqh1y6wc5ns", "user_agent": "Mozilla/5.0 (Windows NT 10.0; Win64; x64) AppleWebKit/537.36 (KHTML, like Gecko) Chrome/123.0.0.0 Safari/537.36", "user": 4, "hitcount": 8}}, {"model": "hitcount.hit", "pk": 29, "fields": {"created": "2024-04-14T10:08:06.908Z", "ip": "127.0.0.1", "session": "5cgsmf3crk5xkl9bzgc4pqqh1y6wc5ns", "user_agent": "Mozilla/5.0 (Windows NT 10.0; Win64; x64) AppleWebKit/537.36 (KHTML, like Gecko) Chrome/123.0.0.0 Safari/537.36", "user": 4, "hitcount": 7}}, {"model": "hitcount.hit", "pk": 30, "fields": {"created": "2024-04-14T10:24:39.568Z", "ip": "127.0.0.1", "session": "5cgsmf3crk5xkl9bzgc4pqqh1y6wc5ns", "user_agent": "Mozilla/5.0 (Windows NT 10.0; Win64; x64) AppleWebKit/537.36 (KHTML, like Gecko) Chrome/123.0.0.0 Safari/537.36", "user": 4, "hitcount": 9}}, {"model": "hitcount.hit", "pk": 31, "fields": {"created": "2024-04-14T10:58:34.128Z", "ip": "127.0.0.1", "session": "3qblddnc9ufo3d8pjsrxbslvu7tzhd3c", "user_agent": "Mozilla/5.0 (Windows NT 10.0; Win64; x64) AppleWebKit/537.36 (KHTML, like Gecko) Chrome/123.0.0.0 Safari/537.36", "user": 1, "hitcount": 10}}, {"model": "hitcount.hit", "pk": 32, "fields": {"created": "2024-04-14T14:37:20.659Z", "ip": "127.0.0.1", "session": "fy2r0plpwou5ulvxjnzfba9ukpekcd4t", "user_agent": "Mozilla/5.0 (Windows NT 10.0; Win64; x64) AppleWebKit/537.36 (KHTML, like Gecko) Chrome/123.0.0.0 Safari/537.36", "user": null, "hitcount": 1}}, {"model": "hitcount.hit", "pk": 33, "fields": {"created": "2024-04-14T14:46:16.465Z", "ip": "127.0.0.1", "session": "z4jifpmlyfk5hifa2xjindwm39zhq8y7", "user_agent": "Mozilla/5.0 (Windows NT 10.0; Win64; x64) AppleWebKit/537.36 (KHTML, like Gecko) Chrome/123.0.0.0 Safari/537.36", "user": 4, "hitcount": 4}}, {"model": "hitcount.hit", "pk": 34, "fields": {"created": "2024-04-19T13:06:39.871Z", "ip": "127.0.0.1", "session": "z4jifpmlyfk5hifa2xjindwm39zhq8y7", "user_agent": "Mozilla/5.0 (Linux; Android 6.0; Nexus 5 Build/MRA58N) AppleWebKit/537.36 (KHTML, like Gecko) Chrome/124.0.0.0 Mobile Safari/537.36", "user": 4, "hitcount": 3}}, {"model": "hitcount.hit", "pk": 35, "fields": {"created": "2024-04-28T13:00:52.336Z", "ip": "127.0.0.1", "session": "7lb9p1oxmg8f0t8rvcei8atrkoj7tah8", "user_agent": "Mozilla/5.0 (Linux; Android 6.0; Nexus 5 Build/MRA58N) AppleWebKit/537.36 (KHTML, like Gecko) Chrome/124.0.0.0 Mobile Safari/537.36", "user": null, "hitcount": 3}}, {"model": "hitcount.hit", "pk": 36, "fields": {"created": "2024-04-28T13:01:53.778Z", "ip": "127.0.0.1", "session": "6lg6m3tjbjfridm945hgt937n4t8snzx", "user_agent": "Mozilla/5.0 (Linux; Android 6.0; Nexus 5 Build/MRA58N) AppleWebKit/537.36 (KHTML, like Gecko) Chrome/124.0.0.0 Mobile Safari/537.36", "user": 4, "hitcount": 10}}, {"model": "hitcount.hit", "pk": 37, "fields": {"created": "2024-04-28T13:31:03.008Z", "ip": "127.0.0.1", "session": "yf128ls9gv7rg65052jrt8fxnu82fwr6", "user_agent": "Mozilla/5.0 (Windows NT 10.0; Win64; x64) AppleWebKit/537.36 (KHTML, like Gecko) Chrome/124.0.0.0 Safari/537.36", "user": null, "hitcount": 5}}, {"model": "hitcount.hit", "pk": 38, "fields": {"created": "2024-04-28T13:34:49.982Z", "ip": "127.0.0.1", "session": "yf128ls9gv7rg65052jrt8fxnu82fwr6", "user_agent": "Mozilla/5.0 (Windows NT 10.0; Win64; x64) AppleWebKit/537.36 (KHTML, like Gecko) Chrome/124.0.0.0 Safari/537.36", "user": null, "hitcount": 7}}, {"model": "hitcount.hit", "pk": 39, "fields": {"created": "2024-04-28T13:36:03.246Z", "ip": "127.0.0.1", "session": "yf128ls9gv7rg65052jrt8fxnu82fwr6", "user_agent": "Mozilla/5.0 (Windows NT 10.0; Win64; x64) AppleWebKit/537.36 (KHTML, like Gecko) Chrome/124.0.0.0 Safari/537.36", "user": null, "hitcount": 1}}, {"model": "hitcount.hit", "pk": 40, "fields": {"created": "2024-04-28T13:36:22.467Z", "ip": "127.0.0.1", "session": "yf128ls9gv7rg65052jrt8fxnu82fwr6", "user_agent": "Mozilla/5.0 (Windows NT 10.0; Win64; x64) AppleWebKit/537.36 (KHTML, like Gecko) Chrome/124.0.0.0 Safari/537.36", "user": null, "hitcount": 2}}, {"model": "hitcount.hit", "pk": 41, "fields": {"created": "2024-04-28T13:47:47.723Z", "ip": "127.0.0.1", "session": "yf128ls9gv7rg65052jrt8fxnu82fwr6", "user_agent": "Mozilla/5.0 (Linux; Android 6.0; Nexus 5 Build/MRA58N) AppleWebKit/537.36 (KHTML, like Gecko) Chrome/124.0.0.0 Mobile Safari/537.36", "user": null, "hitcount": 4}}, {"model": "hitcount.hit", "pk": 42, "fields": {"created": "2024-04-28T14:19:25.999Z", "ip": "127.0.0.1", "session": "e5hwnh6qs8tfmp9141wla2vchwxdbkp1", "user_agent": "Mozilla/5.0 (Windows NT 10.0; Win64; x64) AppleWebKit/537.36 (KHTML, like Gecko) Chrome/124.0.0.0 Safari/537.36", "user": 1, "hitcount": 11}}, {"model": "hitcount.hit", "pk": 43, "fields": {"created": "2024-04-28T14:20:19.665Z", "ip": "127.0.0.1", "session": "e5hwnh6qs8tfmp9141wla2vchwxdbkp1", "user_agent": "Mozilla/5.0 (Windows NT 10.0; Win64; x64) AppleWebKit/537.36 (KHTML, like Gecko) Chrome/124.0.0.0 Safari/537.36", "user": 1, "hitcount": 4}}, {"model": "hitcount.hit", "pk": 44, "fields": {"created": "2024-05-04T11:39:05.744Z", "ip": "127.0.0.1", "session": "20hvy27lop8v5g6dpi3gn9qo5ljc6036", "user_agent": "Mozilla/5.0 (Linux; Android 6.0; Nexus 5 Build/MRA58N) AppleWebKit/537.36 (KHTML, like Gecko) Chrome/124.0.0.0 Mobile Safari/537.36", "user": null, "hitcount": 1}}, {"model": "hitcount.hit", "pk": 45, "fields": {"created": "2024-05-04T12:03:53.438Z", "ip": "127.0.0.1", "session": "20hvy27lop8v5g6dpi3gn9qo5ljc6036", "user_agent": "Mozilla/5.0 (Windows NT 10.0; Win64; x64) AppleWebKit/537.36 (KHTML, like Gecko) Chrome/124.0.0.0 Safari/537.36", "user": null, "hitcount": 8}}, {"model": "hitcount.hit", "pk": 46, "fields": {"created": "2024-05-04T12:56:04.823Z", "ip": "127.0.0.1", "session": "20hvy27lop8v5g6dpi3gn9qo5ljc6036", "user_agent": "Mozilla/5.0 (Linux; Android 6.0; Nexus 5 Build/MRA58N) AppleWebKit/537.36 (KHTML, like Gecko) Chrome/124.0.0.0 Mobile Safari/537.36", "user": null, "hitcount": 7}}, {"model": "hitcount.hit", "pk": 47, "fields": {"created": "2024-05-04T13:03:29.672Z", "ip": "127.0.0.1", "session": "20hvy27lop8v5g6dpi3gn9qo5ljc6036", "user_agent": "Mozilla/5.0 (Windows NT 10.0; Win64; x64) AppleWebKit/537.36 (KHTML, like Gecko) Chrome/124.0.0.0 Safari/537.36", "user": null, "hitcount": 2}}, {"model": "hitcount.hit", "pk": 48, "fields": {"created": "2024-05-04T13:10:47.279Z", "ip": "127.0.0.1", "session": "20hvy27lop8v5g6dpi3gn9qo5ljc6036", "user_agent": "Mozilla/5.0 (Windows NT 10.0; Win64; x64) AppleWebKit/537.36 (KHTML, like Gecko) Chrome/124.0.0.0 Safari/537.36", "user": null, "hitcount": 11}}, {"model": "hitcount.hit", "pk": 49, "fields": {"created": "2024-05-04T13:23:25.630Z", "ip": "127.0.0.1", "session": "v5zy6coof57kw77s0o6jlj6jojy0wx92", "user_agent": "Mozilla/5.0 (Linux; Android 6.0; Nexus 5 Build/MRA58N) AppleWebKit/537.36 (KHTML, like Gecko) Chrome/124.0.0.0 Mobile Safari/537.36", "user": 4, "hitcount": 7}}, {"model": "hitcount.hit", "pk": 50, "fields": {"created": "2024-05-04T13:23:33.351Z", "ip": "127.0.0.1", "session": "v5zy6coof57kw77s0o6jlj6jojy0wx92", "user_agent": "Mozilla/5.0 (Linux; Android 6.0; Nexus 5 Build/MRA58N) AppleWebKit/537.36 (KHTML, like Gecko) Chrome/124.0.0.0 Mobile Safari/537.36", "user": 4, "hitcount": 1}}, {"model": "hitcount.hit", "pk": 51, "fields": {"created": "2024-05-04T16:23:48.299Z", "ip": "127.0.0.1", "session": "4uodjvo69vir6as74cdu18vxno7rgtpg", "user_agent": "Mozilla/5.0 (Linux; Android 6.0; Nexus 5 Build/MRA58N) AppleWebKit/537.36 (KHTML, like Gecko) Chrome/124.0.0.0 Mobile Safari/537.36", "user": 4, "hitcount": 4}}, {"model": "taggit.tag", "pk": 1, "fields": {"name": "Placements", "slug": "placements"}}, {"model": "taggit.tag", "pk": 2, "fields": {"name": "DSA", "slug": "dsa"}}, {"model": "taggit.tag", "pk": 3, "fields": {"name": "Nervousness", "slug": "nervousness"}}, {"model": "taggit.tag", "pk": 4, "fields": {"name": "Interviews", "slug": "interviews"}}, {"model": "taggit.tag", "pk": 5, "fields": {"name": "Endearing", "slug": "endearing"}}, {"model": "taggit.tag", "pk": 6, "fields": {"name": "Wholesome", "slug": "wholesome"}}, {"model": "taggit.tag", "pk": 7, "fields": {"name": "Stress", "slug": "stress"}}, {"model": "taggit.tag", "pk": 8, "fields": {"name": "Work", "slug": "work"}}, {"model": "taggit.tag", "pk": 9, "fields": {"name": "Childhood", "slug": "childhood"}}, {"model": "taggit.tag", "pk": 10, "fields": {"name": "Culture", "slug": "culture"}}, {"model": "taggit.tag", "pk": 11, "fields": {"name": "Anxiety", "slug": "anxiety"}}, {"model": "taggit.tag", "pk": 12, "fields": {"name": "Mindfullness", "slug": "mindfullness"}}, {"model": "taggit.taggeditem", "pk": 1, "fields": {"tag": 1, "content_type": 9, "object_id": 1}}, {"model": "taggit.taggeditem", "pk": 2, "fields": {"tag": 2, "content_type": 9, "object_id": 1}}, {"model": "taggit.taggeditem", "pk": 3, "fields": {"tag": 3, "content_type": 9, "object_id": 2}}, {"model": "taggit.taggeditem", "pk": 4, "fields": {"tag": 4, "content_type": 9, "object_id": 2}}, {"model": "taggit.taggeditem", "pk": 5, "fields": {"tag": 5, "content_type": 9, "object_id": 4}}, {"model": "taggit.taggeditem", "pk": 6, "fields": {"tag": 6, "content_type": 9, "object_id": 4}}, {"model": "taggit.taggeditem", "pk": 7, "fields": {"tag": 8, "content_type": 9, "object_id": 3}}, {"model": "taggit.taggeditem", "pk": 8, "fields": {"tag": 7, "content_type": 9, "object_id": 3}}, {"model": "taggit.taggeditem", "pk": 9, "fields": {"tag": 9, "content_type": 9, "object_id": 5}}, {"model": "taggit.taggeditem", "pk": 10, "fields": {"tag": 10, "content_type": 9, "object_id": 5}}, {"model": "taggit.taggeditem", "pk": 11, "fields": {"tag": 11, "content_type": 9, "object_id": 6}}, {"model": "taggit.taggeditem", "pk": 12, "fields": {"tag": 12, "content_type": 9, "object_id": 6}}, {"model": "taggit.taggeditem", "pk": 13, "fields": {"tag": 3, "content_type": 9, "object_id": 8}}, {"model": "taggit.taggeditem", "pk": 14, "fields": {"tag": 4, "content_type": 9, "object_id": 8}}, {"model": "taggit.taggeditem", "pk": 15, "fields": {"tag": 8, "content_type": 9, "object_id": 7}}, {"model": "taggit.taggeditem", "pk": 16, "fields": {"tag": 7, "content_type": 9, "object_id": 7}}, {"model": "taggit.taggeditem", "pk": 17, "fields": {"tag": 9, "content_type": 9, "object_id": 13}}, {"model": "taggit.taggeditem", "pk": 18, "fields": {"tag": 10, "content_type": 9, "object_id": 13}}]